id,img_url
50128074,https://img1.dongqiudi.com/fastdfs4/M00/D5/76/ChNLkl1X1KqAJhcAAAAb2FSyi1A742.jpg
50447583,https://img1.dongqiudi.com/fastdfs3/M00/B6/64/ChOxM1xC8VuAe1gAAAApce8qYQc164.jpg
50054168,https://img1.dongqiudi.com/fastdfs4/M00/D5/75/ChNLkl1X0jCAZmVRAAAcHTMGMZQ548.jpg
50053497,https://img1.dongqiudi.com/fastdfs4/M00/D5/75/ChNLkl1X0nuAcDZhAAAZskxmwhA674.jpg
50026188,https://img1.dongqiudi.com/fastdfs4/M00/D5/78/ChMf8F1X0qqASW50AAAarYhJakw229.jpg
50023134,https://img1.dongqiudi.com/fastdfs3/M00/B5/FF/ChOxM1xC66KAK1PJAAAm1JbdfEM538.jpg
50012182,https://img1.dongqiudi.com/fastdfs4/M00/D5/75/ChNLkl1X0eqAecDrAAAcroOouWY204.jpg
50203444,https://img1.dongqiudi.com/fastdfs3/M00/B7/17/ChOxM1xC_xGAWmIWAAAobOdRwbQ554.jpg
50047795,https://img1.dongqiudi.com/fastdfs3/M00/B6/51/ChOxM1xC8FCAJ22PAABwGU1EwKc796.png
50036615,https://img1.dongqiudi.com/fastdfs3/M00/B6/2A/ChOxM1xC7hyAG-2hAABpGlEYBY4472.png
50015602,https://img1.dongqiudi.com/fastdfs3/M00/B5/DD/ChOxM1xC6aqAOCyAAABrLz4eu3U415.png
50055303,https://img1.dongqiudi.com/fastdfs4/M00/D5/75/ChNLkl1X0bSAK9gWAAAZtFFU3uM364.jpg
50003878,https://img1.dongqiudi.com/fastdfs3/M00/B5/AB/ChOxM1xC4amAXj2AAAB2x6zYjyI406.png
50002274,https://img1.dongqiudi.com/fastdfs4/M00/D5/78/ChMf8F1X0-uAdAAFAAAcaPQw1cw790.jpg
50110941,https://img1.dongqiudi.com/fastdfs3/M00/B6/EA/ChOxM1xC_C6AcwpzAAAjvsUvHoY226.jpg
50067548,https://img1.dongqiudi.com/fastdfs4/M00/D5/78/ChMf8F1X02SAZD2_AAAYiWVGZBs058.jpg
50059617,https://img1.dongqiudi.com/fastdfs4/M00/D5/78/ChMf8F1X0y-AQieOAAAce5gB9s0151.jpg
50492349,https://img1.dongqiudi.com/fastdfs5/M00/00/96/rB8CCl5g-1eAKNM9AAB-pAcvQ3w412.png
50402052,https://img1.dongqiudi.com/fastdfs3/M00/B6/44/ChOxM1xC75iAOkZrAAAdO7B60L4952.jpg
50129055,https://img1.dongqiudi.com/fastdfs3/M00/B7/19/ChOxM1xC_z-ANzYiAABuqte8rGg248.png
50445853,https://img1.dongqiudi.com/fastdfs5/M00/3F/46/rB8CCl9bW_-AJ29kAAAYU-Loe5c729.jpg
50197246,https://img1.dongqiudi.com/fastdfs5/M00/3F/3C/rB8BO19bXPSAQYDQAAAcMI7jxkE792.jpg
50253190,https://img1.dongqiudi.com/fastdfs5/M00/3F/46/rB8CCl9bXKKAWgD4AAAdSrtM8Jk280.jpg
50141060,https://img1.dongqiudi.com/fastdfs3/M00/B6/A3/ChOxM1xC94SAZKQmAAAg6LclxY00529872
