id,name,english_name,news_titles
50144846,波特,G. Potter,"'霍德尔：热刺选帅这件事，列维目前在做无用功', '斯基拉：布莱顿主帅波特被列入热刺新帅候选名单', '布莱顿主帅波特被列入热刺主帅候选名单', '热刺新帅赔率更新：波切蒂诺最热门，孔蒂次席', '莫德尔：从小就是莱万和库巴的球迷；波特是战术大师', '天空体育：热刺已经和比利时国家队主帅马丁内斯取得联系', '我为热刺找教练：瓜帅的""爱豆""波特，最是列维的菜', 'Athletic：热刺目前主帅人选有四位，包括布莱顿教练波特', '布莱顿主帅：我庆祝第一球时太过情绪化了，向瓜帅道歉', '瓜迪奥拉：明天会看看京多安的情况；福登的进球很精彩', 'Goal：热刺新帅的靠谱人选是波特，而不是小因扎吉', '英超微前瞻：布莱顿vs曼城', 'SKY专访布莱顿主帅波特，谈及本赛季与本场比赛对手西汉姆', '热刺下任主帅怎么选？我觉得可能会是布莱顿波特和富...', '关于波特和热刺传出的绯闻最近也传出了热刺更衣室里...', '记者：一部分热刺球员希望布莱顿主帅波特接手球队', '热刺新帅赔率：孔蒂第三，赔率过去24小时从34.0大幅降至6.5', '墨菲：热刺可以考虑邀约布莱顿主帅波特来到球队', '希勒评英超第34轮最佳阵：贝尔领衔，哈弗茨、孙兴慜在列', '布莱顿主帅：穆帅是有史以来最好的教练之一，他下课令人难过', '互联网足球产业联盟合作伙伴'"
50111479,安多内,F. Andone,"'皇马客场1-0加拉塔萨雷取首胜，克罗斯建功，阿扎尔空门中楣', '当地媒体：法尔考缺席加拉塔萨雷赛前合练，出战皇马成疑', '加拉塔萨雷前锋：即便没有C罗，皇马也是最好的球队之一', '西班牙客场2-1罗马尼亚5战全胜领跑，拉莫斯5轮4球，帕科破门', '官方：加拉塔萨雷租借布莱顿前锋安多内', '外媒：加拉塔萨雷接近租借安多内，布莱顿可以提前召回', '官方：租借布莱顿前锋安多内，加拉塔萨雷开启谈判', '沃特福德0-3布莱顿遭遇开门黑，莫派首秀破门，杜库雷乌龙', '寻枪，巴萨曾想要布莱顿前锋', 'FM球员转会报告(11)安多内，前锋界的“草根英雄”', '能突善射，罗马尼亚锋霸弗洛里安-安多内精彩集锦', '官方：布莱顿敲定安多内', '西媒：拉科鲁尼亚不卖安多内', '互联网足球产业联盟合作伙伴'"
50103480,洛卡迪亚,J. Locadia,"'美媒：多家欧洲球队有意辛辛那提前锋洛卡迪亚，球员未来不明', '官方：辛辛那提续租布莱顿前锋洛卡迪亚', '更衣室唱rap说出禁词，美职联辛辛那提主帅被迫辞职', '官方：布莱顿前锋洛卡迪亚租借加入美职联辛辛那提', '霍芬海姆本赛季失功勋主帅，多特蒙德客场反弹是否顺利凯旋！', '9场4球，洛卡迪亚本赛季德甲进球数超越英超生涯总和', '5场2球，洛卡迪亚本赛季联赛进球数追平上赛季', '霍芬海姆中卫：上半场表现更好的球队赢下了比赛', '官方：霍芬海姆租借布莱顿前锋洛卡迪亚', '荷媒：霍芬海姆接近租借布莱顿前锋洛卡迪亚', '阿森纳1-1客平布莱顿，奥巴梅扬破门，利希施泰纳乌龙助攻', '缺少机会，洛卡迪亚可能离队', '官方：布莱顿签下洛卡迪亚', '买前锋，布莱顿接近签洛卡迪亚', '互联网足球产业联盟合作伙伴'"
50101326,特罗萨德,L. Trossard,"'维特塞尔：出色的团队合作助我们再次赢球，要专注于淘汰赛了', '马丁内斯：阿扎尔身体状况不错；现在我们要去适应新的场地', '比利时身价：丁丁、卢卡库1亿，裤袜6000万，蒂勒曼斯5500万', '马丁内斯：卢卡库正值生涯巅峰，他也是场上领袖', '逆转强大曼城，拿下英超对阵曼城的首个三分！海鸥军...', '剑南春丨英超战报：两球领先，十人曼城2-3遭布莱顿逆转', '比利时欧洲杯名单：德布劳内领衔，阿扎尔兄弟、卡拉斯科入围', '多点开花！我鸥两名球员在本次国际比赛日打入国家队...', '特罗萨德：所有获得机会的人都想证明自己，每个人也都做到了', '比利时8-0大胜白俄罗斯，特罗萨德、瓦纳肯双响，多库2传1射', '卢卡库看了都鼓掌！特罗萨德精彩世界波直挂死角', '撒花，特罗萨德取得比利时队生涯处子球', '马丁内斯：我们没有发挥出应有的水平，平局是一个公平的结果', '英超3月最佳候选：林加德连续两个月入选', '恭喜我鸥特罗萨德荣获FIFA21第26周黑卡一张...', '我鸥国家队比赛日征召球员特罗萨德（比利时）费尔特...', '希勒评选英超29轮最佳阵容，布莱顿四将领衔，林加德入选', '平本赛季前24场总和，特罗萨德连续2场英超破门', '布莱顿3-0纽卡，特罗萨德传射，维尔贝克建功，海登伤退', '升入英超以来，布莱顿首次在单场联赛中打入两记远射', '互联网足球产业联盟合作伙伴'"
50038645,维尔贝克,D. Welbeck,"'马奎尔建功，近5届欧洲杯都有曼联球员为英格兰破门', '教授对决，阿什利扬梅开二度+助攻戴帽，小胖戴帽+独造四球', '潇洒，费兰-托雷斯是第6位在欧洲杯脚后跟破门的球员', '官方：布莱顿与维尔贝克续约一年', '12年欧洲杯英格兰3-2瑞典 黑贝脚后跟进球你还记得吗', '自3年前的维尔贝克以来，萨卡是首位为英格兰进球的枪手球员', '是否判罚过重？维尔贝克搭肩坎塞洛，后者被直红罚下', '维尔贝克达成英超50球里程碑，本赛季进6球13-14赛季以来新高', '争四前景堪忧，西汉姆联1-1布莱顿，维尔贝克、本拉赫马破门', '纳不传，瓦不射，杨不过，贝不进，【暗黑四天王】真相！', '懂球帝一周十佳球：布拉斯敲山震虎，索莱尔吊射', '新王登基！三分到手[赞]自信的转身，精准的射门不...', '【2014-2015赛季的阿森纳锋线】9.波多尔...', '初代大英帝星！维尔贝克神级助攻盘点！', '电子厂员工技巧秀！这个视频是我今天一天的快乐源泉', '费迪南德炮轰范加尔：他放走了三位好球员，我不会让他们离开', '费迪南德：小豌豆拉斐尔和维尔贝克是范加尔错误卖掉的球员', '逆转海鸥军团，赢了球的曼联为何依然堪忧', '面对老东家，维尔贝克总是喜欢进球。', '【争议！马奎尔禁区拽人被无视 单刀没了对方主帅气...', '互联网足球产业联盟合作伙伴'"
50169400,莫派,N. Maupay,"'天空体育：新加坡一男子因向英超球员发送辱骂信息而被逮捕', '英超收官战：阿森纳vs布莱顿 微前瞻', '布莱顿前锋莫派因辱骂裁判被追加停赛1场，赛季提前结束', '剑南春丨英超战报：曼联2-1逆转布莱顿，格林伍德绝杀', '8球2助攻，莫派已经在本赛季英超联赛直接参与10球', '布莱顿3-0纽卡，特罗萨德传射，维尔贝克建功，海登伤退', '英超深度：布赖顿为什么不走运？', '布莱顿1-0客胜利兹联，莫派推射破门，哈里森抽射偏出', '西汉姆联2-2布莱顿，莫派抽射破门，绍切克头球建功', '剑南春丨英超战报：利物浦客场1-1遭布莱顿绝平，若塔破门', '布莱顿主力前锋尼尔-莫派，上轮英超联赛并没有随队...', '剑南春丨英超战报：埃弗顿4-2布莱顿，J罗双响，里沙利松伤退', '被莫派攻破球门，曼联英超客场连续7小时43分钟零封遭终结', '剑南春丨英超战报：纽卡0-3布莱顿，莫派双响，康诺利破门', '7分钟，莫派成哲科后英超开场最快完成梅开二度的球员', '打进10球，莫派连续4个赛季联赛进球上双', '剑南春 | 英超战报：南安普顿1-1布莱顿，莫派破门，英斯扳平', '来打脸了，贡多齐嘲讽布莱顿球员工资低，其实人家挣得比他多', '前英超裁判：贡多齐对莫派锁喉，他本应该被停赛一场', '独立报：贡多齐不会因为锁喉事件遭到纪律处分', '互联网足球产业联盟合作伙伴'"
50133262,贾汉巴赫什,A. Jahanbakhsh,"'3只球队（费耶诺德，比勒费尔德，贝西克塔斯）有意...', '伊朗10-0屠杀柬埔寨，贾汉巴赫什、塔雷米、普拉利甘吉建功', '伊朗国旗被布莱顿官网撤下了！！！在布莱顿的官网中...', '伊朗双子星！双双倒钩攻破切尔西大门', '伊朗神锋塔雷米倒勾破门！！成为了第三名对阵切尔西...', '英媒：贾汉巴赫什将在夏窗被出售！根据报道有9名布...', '伊朗球员也是亚洲一哥！', '伊朗布莱顿前锋贾汉巴赫什在被采访时说到：在夏窗的...', '那些年，非五大联赛出产的球星们之荷甲(下）', '伊朗布莱顿前锋贾汉巴赫什对阵普雷斯顿的进球成为了...', '伊朗布莱顿前锋贾汉巴赫什在英联杯对阵普雷斯顿的比...', '布莱顿生涯首次，贾汉巴赫什单场比赛传射建功', '布莱顿伊朗边锋贾汉巴赫什在英联杯比赛中1传1射！...', '英超赛季最佳进球候选出炉：孙兴慜单骑闯关领衔', '贾汉巴赫什回应伊朗媒体称自己将留在布莱顿！！！他...', '本周伊朗留洋球员表现：英超：贾汉巴赫什在最后一场...', '羡慕吗？伊朗国脚阿兹蒙获得本赛季俄超金靴奖', '上周伊朗留洋球员表现：英超：贾汉巴赫什本周替补在...', '荷媒：埃因霍温想在今夏签范金克尔和贾汉巴赫什', '伊朗国脚贾汉巴赫什被阿贾克斯强烈的关注着，他们希...', '互联网足球产业联盟合作伙伴'"
50402736,阿隆-康诺利,A. Connolly,"'PFAI评选出本赛季爱尔兰最佳海外球员提名：阿隆...', '争议判罚，海鸥军团主场绝平利物浦，拉拉纳替补出场又被换下', '剑南春丨英超战报：利物浦客场1-1遭布莱顿绝平，若塔破门', '官方：康诺利和卡勒姆-罗宾逊被移出爱尔兰队大名单', '国家队征召：特罗萨德伤退，海鸥三兄弟望联手对抗英格兰', '昨日英超爱尔兰球员表现综述切尔西4:0水晶宫水晶...', '剑南春丨英超战报：纽卡0-3布莱顿，莫派双响，康诺利破门', '外媒盘点英超7号们的表现：斯特林、孙兴慜位列前二，萨卡第5', '官方：布莱顿与爱尔兰国脚康诺利续约四年', '天空：布莱顿与两名U21新星续约至2024年', '英超线上赛第二赛季打响，塞塞尼翁、麦迪逊、福登等球员出战', '官方：腹股沟受伤，布莱顿前锋康诺利离开爱尔兰国家队', 'WhoScored五大联赛上周最佳阵容：梅西领衔，内马尔入围', 'WhoScored英超第8轮最佳阵容：特拉奥雷领衔，小朗斯塔夫入围', '剑南春 | 英超战报：热刺0-3布莱顿，洛里失误送礼+重伤退场', '着眼未来，霍村要布莱顿小将', '互联网足球产业联盟合作伙伴'"
50255377,比利-阿尔塞,B. Arce,"'2021南美解放者杯小组赛第6轮最佳阵容门将：埃...', '南美解放者杯G组第6轮：基多大学5-2拉卡莱拉联合', '精彩！解放者杯小组赛首轮智利球队卡拉雷联主场2-...', '解放者杯G1：比尔切斯阿尔塞双响，拉卡莱拉2-2基多大学', '官方：基多大学续租布莱顿边锋阿尔塞', '官方：布莱顿签下厄瓜多尔边锋', '互联网足球产业联盟合作伙伴'"
50244579,于厄克雷斯,V. Gyökeres,"'官方：考文垂租借布莱顿前锋于厄克雷斯', '官方：斯旺西租借布莱顿前锋于厄克雷斯', '天空体育：斯旺西有兴趣租借布莱顿前锋于厄克雷斯', '德媒：圣保利要续租布莱顿两将于厄克雷斯和奥斯蒂高', '官方：圣保利租借布莱顿前锋于厄克雷斯', '官方：布莱顿与瑞典国脚于厄克雷斯续约', '互联网足球产业联盟合作伙伴'"
50229193,安迪-泽奇里,A. Zeqiri,"'瑞士欧洲杯初选名单：沙奇里、扎卡、恩博洛等人均入围', '瑞士U21欧青赛小组赛大名单：布莱顿前锋泽奇里入选', '训练日汇总 波特：泽奇里已经准备好为球队贡献自己的力量了', '官方：布莱顿签下洛桑体育前锋泽奇里', '记者：布莱顿接近签下瑞士U21国脚泽奇里', '又被截胡？意天空：布莱顿即将签下泽奇里，曾接近加盟帕尔马', '罗马诺：达成协议，布莱顿将签下洛桑体育前锋泽奇里', '意媒：帕尔马敲定奥索里奥和泽奇里，巴伦蒂也接近加盟', '迪马济奥：帕尔马即将签下瑞士洛桑体育前锋泽奇里', '官方：洛桑与瑞士U19国脚续约', '互联网足球产业联盟合作伙伴'"
50254874,比苏马,Y. Bissouma,"'回声报：雷纳托-桑切斯太贵，比苏马仍是利物浦目标之一', '记者：比苏马在阿森纳候选名单上，但不是优先选项', '英媒列今夏“传阿森纳”名单：本-怀特、奥亚尔和爱德华在列', '英媒：4月时枪手向布莱顿询问比苏马，枪手也问了球员经纪人', '豪门疯抢的布莱顿中场比索马', '记者：莱斯特城觉得恩迪迪有可能会离开俱乐部，他们...', '阿森纳中文数据大神阿比古达放出枪手绯闻球星卡第一...', '蝌蚪文神棍AFCBell爆料 :至少有一家英国俱...', '【吐槽个球】2021/22赛季，你看好托马斯和比...', '这样的比苏马不管去哪个俱乐部都好用', '小花聊转会：阿森纳近期转会汇总及分析', '转会传闻：布莱顿中场大将比苏马和经纪人以及私人教...', '跟队记者：布莱顿中场比苏马不是利物浦的目标', '阿森纳重要绯闻引援对象，布莱顿中场大将比苏马，本...', '比苏马上传了一张照片，门口放着一个阿森纳的袋子（...', '阿森纳与布莱顿比赛结束之后，佩佩，比苏马和他们的...', '英媒：想要比苏马？拿4000万英镑过来谈判！', '《每日邮报》：阿森纳和利物浦都想从布莱顿签下中场...', '【小花聊转会】：阿森纳近期转会汇总及分析', '【吐槽个球】皇家马德里对布莱顿的中场伊夫·比苏马...', '互联网足球产业联盟合作伙伴'"
50241553,伯卢策,T. Băluţă,"'基辅迪纳摩官方：队中新增11例新冠阳性，其中6人是球员', '官方：基辅迪纳摩从布莱顿租借罗马尼亚国脚伯卢策', '互联网足球产业联盟合作伙伴'"
50211331,塔乌,P. Tau,"'非预赛C组第五轮：库杜斯、塔乌各入一球，南非1-1加纳', '官方：布莱顿从安德莱赫特召回南非前锋塔乌', '塔乌队内的第一次合练！值得纪念[棒棒哒]', '转会要闻：塔乌回归！英国脱欧后对于南非球员劳工证...', '我鸥南非籍球员塔乌因为劳工证的问题一直租借在外，...', '官方：安德莱赫特租借布莱顿前锋塔乌', '天空：抵达布鲁塞尔，布莱顿前锋塔乌将租借加盟安德莱赫特', '南非国脚塔乌租约结束，离开布鲁日', '珀西塔乌26岁生日快乐！', '官方：布鲁日租借布莱顿前锋塔乌', '天空体育：在谈判，布鲁日想租借布莱顿前锋塔乌', '官方：布莱顿外租南非国脚', '官方：布莱顿签下南非国脚', '买前锋，布莱顿接近签南非国脚', '互联网足球产业联盟合作伙伴'"
50179867,马希,S. March,"'布莱顿点球大战5-4客胜纽波特，斯蒂尔4次扑点', '英超球员过人25次以上的成功率：菲尔米诺77.8%为最高', '前英超裁判：马希对沃克-彼得斯的犯规在禁区线上，是点球', '里程碑，布莱顿中场马希已经在英超联赛出场100次', '阿斯顿维拉1-2布莱顿，维尔贝克一条龙破门，巴克利伤退', '波特：这是关键的胜利，在英超想要全取三分就必须做好每件事', 'WhoScored英超第三轮最佳阵容：瓦尔迪领衔，维拉四将入选', '马希：进球很棒但结果很失望，布莱顿继续像这样踢能拿不少分', 'Opta新理论分析英超各俱乐部进攻端最佳球员，马赫雷斯居首', '阿森纳1-1落后第四3分争四剩理论可能，奥巴梅扬点射+失良机', '英媒：在考察，阿森纳想要布莱顿中场马希', '切尔西客场2-1布莱顿取联赛两连胜，阿扎尔传射，佩德罗建功', '官方：布莱顿与马希续约', '1000万镑，伯恩利要报价马希', '互联网足球产业联盟合作伙伴'"
50055034,格罗斯,P. Groß,"'球星系列丨布莱顿低调的中场大师—帕斯卡-格罗斯', '意媒：利物浦有意布莱顿中场帕斯卡-格罗斯', '布莱顿的格罗斯成为在英超中第4位完成20次助攻的...', '面对热刺送上关键传球，格罗斯成为英超助攻第四多的德国人', '德媒给英超效力的德国人评分：克洛普满分，哈弗茨低分', '南安普顿2-1逆转布莱顿，英斯替补罚进争议点球制胜', '剑南春丨英超战报：利物浦客场1-1遭布莱顿绝平，若塔破门', '完成百场，格罗斯是布莱顿英超直接参与进球最多的球员', '对阵普雷斯顿，格罗斯第100次代表布莱顿出场', '太阳报：布莱顿四将疑似夜店吸笑气，俱乐部将展开调查', '英超球员场均把球传入对方禁区次数排行：德布劳内遥遥领先', '踢球者半程德国海外球员评级：特尔施特根、萨内领衔洲际级', '布莱顿中场：曼城还没赢得冠军呢，他们还有一场比赛要踢', '曼联2-1布莱顿，索帅上任联赛六连胜破纪录，拉什福德神仙球', '布莱顿主帅：萨拉赫没有假摔', '格罗斯谈利物浦绯闻：我不关心', '1500万镑，红军想要布莱顿中场', '曼联2-3客负布莱顿遭赛季首败，卢卡库破门，博格巴点射', '踢球者海外球员评级：小狮子世界级；卡里乌斯排名高于厄齐尔', '官方：布莱顿与格罗斯续约', '互联网足球产业联盟合作伙伴'"
50011805,拉拉纳,A. Lallana,"'拉拉纳：曾以为马奎尔是好球员但我错了，他是世界级的', '（espn）蜕变拉拉纳在接受The Times采...', '吐槽个球丨拉拉纳带着儿子现场支持英格兰！前利物浦...', '下一步追求金球还是英超冠军？菲利普斯：要么当扫垃圾的好了', '亨德森加盟利物浦十周年，队友：他是我们大家的榜样', '拉拉纳谈阿诺德受伤：看他肢体语言觉得很严重，我也经历过', '亨德森 X 拉拉纳红军的队长与队花时光一去不复返...', '拉拉纳谈与皇马的欧冠决赛：我根本没有状态，接近不了魔笛', '又帅，又灵动，永远的利物浦队花拉拉纳', '16/17赛季英超首轮，阿森纳和利物浦便上演进球大战', '英格兰三叉戟齐发威?️?️?️2014年的今天，...', '拉拉纳闪击破门，阿西福亚扳平，利物浦主场被锡永逼平', '拉拉纳破门，尤谢绝平，利物浦客场被波尔多逼平', '亚当·拉拉纳的中场移动', '拉拉纳：球队要在剩下的比赛中保持水准；满意自己目前的表现', '战莱斯特城，拉拉纳取得布莱顿生涯处子球', '莱斯特城2-1逆转布莱顿，阿马泰绝杀，拉拉纳、伊希纳乔破门', '希望牛年你也能有这样的好运', '你心中的现役球员颜值担当', '拉拉纳：红军每个方面都无懈可击，很高兴能回到安菲尔德', '互联网足球产业联盟合作伙伴'"
50506189,莫伊塞斯-凯塞多,M. Caicedo,"'年轻无极限！小将凯塞多马赛回旋一条龙，可惜队友没...', '不会租借离队！凯塞多确认留在球队经确认，莫伊塞斯...', '官方：布莱顿签下厄瓜多尔国脚莫伊塞斯-凯塞多', '天空体育：布莱顿将在截止日官宣签下莫伊塞斯-凯塞多', '罗马诺：曼联队内已经有很多青年才俊，所以放弃引进M-凯塞多', '罗马诺：M-凯塞多将与布莱顿签约5年，他从未与曼联达成协议', '斯基拉：布莱顿敲定莫伊塞斯-凯塞多，球员周六到英格兰', '外媒：布莱顿已签下厄瓜多尔国脚莫伊塞斯-凯塞多', '加盟布莱顿，莫伊塞斯-凯塞多将在周五飞往英格兰', '罗马诺：与山谷独立达成协议，布莱顿将花600万欧元签凯塞多', '阿媒：加盟布莱顿，凯塞多将在本周得到签证', '邮报：加盟布莱顿后，凯塞多将被租借给比利时圣吉罗斯', '斯基拉：500万欧元，布莱顿接近签下莫伊塞斯-凯塞多', '罗马诺：布莱顿依旧领先凯塞多的争夺，纽卡几小时内加入竞争', '邮报：450万镑，布莱顿接近从山谷独立签下凯塞多', '罗马诺：曼联倾向于不签凯塞多，他不是球队的首要目标', '记者：一支球队已同凯塞多达成转会交易，但交易球队不是曼联', '意媒：凯塞多已经拒绝两份报价，他在等待曼联', '厄瓜多尔媒体：埃弗顿领先凯塞多的争夺战，可能今天完成签约', '截胡曼联？电讯报：切尔西和阿贾克斯已经和凯塞多进行接触', '互联网足球产业联盟合作伙伴'"
50456514,兰普泰,Tariq Lamptey,"'天空体育：热刺对阿伦斯重燃兴趣，他们也想要兰普泰', '英媒：阿森纳仍在尝试打包本-怀特和兰普泰', '天空体育：热刺有意4000万英镑报价布莱顿后卫兰普泰', '天空体育：热刺有兴趣签下布莱顿后卫兰普泰', '伦敦足球：阿森纳夏季应购买球员，布恩迪亚、比苏马和兰普泰', '罗马诺：贝莱林今夏将会离队，兰普泰不是枪手首选', '讨论：阿森纳夏窗转会预测与分析之后卫篇', '罗马诺：阿森纳要买右后卫，他们不会求购兰普泰', '小孩子才做选择题，成年人全都要？根据伦敦足球援引...', '罗马诺：阿森纳想要右后卫，他们在关注兰普泰', '【搬运】阿森纳关注对象：塔里克-兰普泰在布莱顿集锦', 'IFFHS评2020年欧足联U20最佳阵：桑乔和哈兰德领衔', 'TA：兰普泰受伤，阿森纳可能转而求购阿伦斯', '名记：接受手术，兰普泰将赛季报销', '阿森纳引援绯闻对象，用来替代贝莱林的年轻球员兰普...', '外媒:兰普泰因伤赛季报销媒体The Athlet...', '罗马诺：阿森纳计划出售贝莱林，他们有意签下兰普泰', '如果要评选本赛季英格兰足坛表现优异的年轻球员，兰...', '记者：如果卖掉贝莱林，阿森纳可能追阿伦斯或者兰普泰', '足坛星锐（16）—切尔西出品的超级速度怪兰普泰', '互联网足球产业联盟合作伙伴'"
50404083,莫德尔,Jakub Moder,"'波媒：膝盖受伤，莫德尔无缘出战波兰对瑞典的比赛', '莫德尔：我们有一些此前缺少的运气；我们将消极时刻抛在脑后', '莫德尔：我踢任意球的顺位还没超过莱万，很高兴比赛中能主罚', '莫德尔：莱万是偶像和榜样；一年前就梦想参加欧洲杯', '波媒：莱万等19名波兰国脚已经接种了新冠疫苗', '莫德尔：从小就是莱万和库巴的球迷；波特是战术大师', '莫德尔：因防疫需要，布莱顿球员被分到了两个不同的更衣室', '尤伊维亚克：目标为波兰首发出战欧洲杯；鲁尼给了我很多建议', '多点开花！我鸥两名球员在本次国际比赛日打入国家队...', '莫德尔：在温布利进球感觉很棒，可惜没有帮助到球队', '英格兰2-1波兰，凯恩点射，马奎尔制胜，斯通斯玩火送礼', '攻破英格兰球门，莫德尔取得波兰队正式比赛处子球', '莫德尔：每个人都向我问起莱万，熟悉后发现他是个普通人', '我鸥国家队比赛日征召球员特罗萨德（比利时）费尔特...', '波兰国脚莫德尔：有时候听不懂更衣室里的英国人在说什么', '两名波兰国脚上演布莱顿首秀，博涅克：两人表现都很不错', '莫德尔告别波兹南莱赫：为这个俱乐部效力是我的梦想', '互联网足球产业联盟合作伙伴'"
50393600,姆韦普,E. Mwepu,"'布莱顿官方：正式签下萨尔茨堡红牛中场姆韦普', '奥媒：萨尔茨堡中场姆韦普收到一份报价，多特曾对他感兴趣', '赞比亚媒体：哈兰德前队友姆韦普将离开萨尔茨堡，可能去多特', '足坛星锐（26)—切尔西关注的红牛系黑又硬姆韦普', '欧冠小组赛犯规次数排行榜：巴斯克斯第三，弗雷德第五', '英媒：若无法签下赖斯，蓝军有姆韦普、阿希梅鲁等三名替代者', '拜仁6-2萨尔茨堡红牛，莱万双响，萨内破门，博阿滕头球建功', '官方：萨尔茨堡红牛与赞比亚国脚姆韦普续约', '红军在本赛季欧冠和联赛中首次被射正6次，而红牛只用了半场', '欧冠周最佳阵出炉：梅西、莱万领衔，卢卡库入选', '互联网足球产业联盟合作伙伴'"
50274082,亚历克西斯-麦卡利斯特,A. Mac Allister,"'【搬运】布莱顿球员：亚历克西斯-麦卡利斯特集锦', '承接开张业务，本赛季有6名球员在对水晶宫时打开了进球账户', '今天是我鸥的阿根廷国脚亚历克西斯-麦卡利斯特22...', '最新消息：麦卡利斯特确诊新冠病毒。阿根廷国脚麦卡...', '球员采访拉拉纳：“麦卡利斯特未来绝对会是世界级的...', '布莱顿中场撞脸梅西引发网友吐槽：这是梅西和拉莫斯的孩子吧', '超级替补！麦卡利斯特打入加盟布莱顿英超的第一粒进...', '水晶宫vs布莱顿全场总结：89分钟绝平海鸥德比战抢到一分', '公路德比战报：扎哈破门，麦卡利斯特绝平，邓克直红下场', '海鸥军团年轻的阿根廷中场新星亚历克西斯-麦卡利斯...', '阿根廷公布世预赛初选名单：梅西、迪巴拉领衔，阿圭罗缺阵', '官方：沃特福德中场佩雷拉退出本次阿根廷国家队', '官方：博卡青年租借布莱顿中场麦卡利斯特', '互联网足球产业联盟合作伙伴'"
50270054,阿尔扎特,S. Alzate,"'蒂亚戈场均英超犯规3.3次，排名英超所有中场球员第一', '对阵利物浦，阿尔扎特个人英超首次射正就进球', '剑南春丨英超战报：利物浦0-1不敌布莱顿，阿尔扎特制胜球', '#布莱顿 ????哥伦比亚小将阿尔扎特全场的热度...', '官方：布莱顿与哥伦比亚国脚阿尔扎特续约四年', '天空：布莱顿与两名U21新星续约至2024年', '哥伦比亚国家队34人大名单：J罗、夸德拉多领衔', '互联网足球产业联盟合作伙伴'"
50075085,丹-伯恩,D. Burn,"'逆转强大曼城，拿下英超对阵曼城的首个三分！海鸥军...', '剑南春丨英超战报：两球领先，十人曼城2-3遭布莱顿逆转', '伯恩：没有球迷的英超对所有球员都算是一种特殊的煎熬', '官方：布莱顿签下维冈竞技后卫', '500万，布莱顿接近签维冈后卫', '维冈队长：过了人生最长10分钟', '互联网足球产业联盟合作伙伴'"
50069638,费尔特曼,J. Veltman,"'荷兰队预估身价：德容9000万，德利赫特7500万，德弗赖5000万', '荷兰公布欧洲杯最终名单：德利赫特、德佩在列，贝尔温落选', '荷兰欧洲杯后卫的人选也敲定了，海报出现在了坚固的城堡附近', '【2018-2019赛季的阿贾克斯后防线，欧冠4...', '我鸥国家队比赛日征召球员特罗萨德（比利时）费尔特...', '希勒评选英超29轮最佳阵容，布莱顿四将领衔，林加德入选', '本特克替补绝杀！布莱顿1-2水晶宫，马特塔脚后跟打入处子球', '费尔特曼：对球队后防感到满意，拿到一分维拉会比我们更高兴', '费尔特曼：英超一定不会出现像13比0这样差距悬殊的比分', '意媒预测意大利vs荷兰首发：因莫比莱PK德佩，范德贝克回首发', '官方：布莱顿签下阿贾克斯后卫费尔特曼', '荷媒：裁委会主席批评了洛奇在切尔西vs阿贾克斯比赛中的表现', '荷媒回顾荷兰欧预赛：四将发挥出色，威纳尔杜姆评分最高', '荷兰客场0-0北爱尔兰提前小组出线，博古伊斯扫射击中横梁', '皮！费尔特曼手球送点后调侃：我可不能变成德利赫特', '普利希奇：比赛太疯狂了，我都没有意识到对手被罚下了两人', '滕哈格吐槽裁判：你要让我们的球员把手剁了吗？', '时运不济，阿贾克斯队史第一次欧冠单场两红', '荷甲10月最佳阵容：布林德、费尔特曼和普罗梅斯入选', '都灵体育报：尤文图斯在关注阿贾克斯后卫费尔特曼', '互联网足球产业联盟合作伙伴'"
50063430,达菲,S. Duffy,"'天空体育：凯尔特人预计达菲会在冬窗留队', '布莱顿夏季转会窗口球员盘点一览', '凯尔特人新援Shane Duffy（席恩·达菲）...', '官方：凯尔特人租借布莱顿后卫达菲', '英媒：凯尔特人给达菲开七位数租借费，被布莱顿拒绝', '英媒：租借达菲，凯尔特人与布莱顿在周一进行了谈判', '英媒：布莱顿后卫达菲更希望加盟凯尔特人', '英媒：加入争夺战，纽卡斯尔也想要达菲', '凯尔特人主帅：我们与布莱顿中卫达菲就转会进行了初步接触', '英媒：达菲是凯尔特人的头号目标，但他的薪水是问题', '英媒：进行初步谈判，凯尔特人想要布莱顿后卫达菲', '邮报：加入争夺战，凯尔特人也想要达菲', '天空体育：在怀特回归后，布莱顿可能将达菲出售给西布朗', '邮报：与布莱顿谈判，西布朗想要达菲', '太阳报：布莱顿四将疑似夜店吸笑气，俱乐部将展开调查', 'FIFA 20周最佳阵：杨旭领衔中超三将，莱万、凯恩在列', '爱尔兰公布40人大名单：热刺小将帕罗特首次入选', 'WhoScored英超第1轮最佳阵容：凯恩、范戴克领衔，曼城3将', 'WhoScored英超第37轮最佳阵容：阿扎尔领衔，西汉姆联四人', '布莱顿赛季最佳球员：达菲', '互联网足球产业联盟合作伙伴'"
50024546,韦伯斯特,A. Webster,"'逆转强大曼城，拿下英超对阵曼城的首个三分！海鸥军...', '剑南春丨英超战报：两球领先，十人曼城2-3遭布莱顿逆转', '布莱顿点球大战5-4客胜纽波特，斯蒂尔4次扑点', '上轮面对莱斯特的比赛，兰普泰、韦伯斯特、拉拉纳都...', '剑南春丨英超战报：热刺2-1逆转布莱顿，凯恩、阿里破门', '剑南春丨英超战报：阿森纳1-2各项赛事九场不胜，拉卡破门', '官方：布莱顿签下布里斯托尔城后卫韦伯斯特', '天空体育：买布里斯托尔城后卫韦伯斯特，维拉报价被拒', '官方：布城签下伊普斯维奇后卫', '互联网足球产业联盟合作伙伴'"
50209150,克拉克,M. Clarke,"'官方：德比郡续租布莱顿后卫克拉克', '天空体育：德比郡将续租布莱顿后卫克拉克', '德比郡赛季最佳球员：马特-克拉克', '官方：布莱顿签下朴茨茅斯后卫克拉克', '邮报：布莱顿接近签下朴茨茅斯后卫克拉克', '官方：朴茨茅斯与主力后卫续约', '互联网足球产业联盟合作伙伴'"
50085002,邓克,L. Dunk,"'狼队2-1逆转布莱顿，吉布斯-怀特绝杀，特拉奥雷建功', '自17年斯特林以来，邓克是首位同场英超进球并染红的本土球员', '5次，布莱顿与阿森纳并列成为本赛季英超染红次数最多的球队', '希勒评英超第34轮最佳阵：贝尔领衔，哈弗茨、孙兴慜在列', '英媒：热刺今夏要签一位后防领袖，安德森、邓克等人在列', '希勒评选英超29轮最佳阵容，布莱顿四将领衔，林加德入选', '客胜南安普顿，这是我们升超以来第一次战胜圣徒。队...', '个人新高，邓克在本赛季英超联赛打进4球', '布莱顿2-1客胜圣徒终结5轮不胜，邓克、特罗萨德建功', '伯恩利1-1布莱顿，邓克、古德蒙德松破门，巴恩斯进球被吹', '西汉姆联2-2布莱顿，莫派抽射破门，绍切克头球建功', '今天是布莱顿功勋传奇邓克的生日祝我们的队长29岁...', '维拉vs布莱顿：邓克解禁复出，海鸥军团客场面对苦主望拿分', '埃尔菲克：一直不明白索斯盖特为什么还不应召邓克', '外媒评英超被高估球员：阿森纳标王在列，5000万后卫上榜', '水晶宫vs布莱顿全场总结：89分钟绝平海鸥德比战抢到一分', '公路德比战报：扎哈破门，麦卡利斯特绝平，邓克直红下场', '2012/13赛季至今，邓克红牌数为英格兰四个级别联赛最多', '意媒：利物浦问价英格兰国脚布莱顿队长邓克', '2017年以来邓克已在英超中打进五粒乌龙球，比其他球员都多', '互联网足球产业联盟合作伙伴'"
50507312,卡尔博夫尼克,Michal Karbownik,"'盘点无缘欧洲杯的波兰球员：德龙戈夫斯基领衔', '波兰U21大名单：瓦鲁凯维奇领衔，卡尔博夫尼克入选', '今天是波兰国脚卡尔博夫尼克20岁的生日，祝你在英...', '两名波兰国脚上演布莱顿首秀，博涅克：两人表现都很不错', '官方：布莱顿提前召回波兰国脚卡尔博夫尼克', '看看布莱顿新援卡尔博夫尼克的颜值，妥妥的波兰国家...', '波媒：布莱顿将提前召回波兰国脚卡尔博夫尼克', '波兰五人上演国家队首秀，19岁小将助攻米利克破门', '官方：布莱顿签下波兰国脚卡尔博夫尼克', '官方：布莱顿签下波兰国脚卡尔博夫尼克，并租借回华沙莱吉亚', '天空体育：通过体检，莫德和卡尔博夫尼克将加盟布莱顿', '天空体育：布莱顿要签下波兰国脚莫德和卡尔博夫尼克', '波媒：布莱顿打包波兰国脚莫德尔和卡尔博夫尼克', '波媒：华沙莱吉亚需卖人，帕尔马接近低价引进卡尔博夫尼克', '黑店路线？意媒：帕尔马敲定米哈伊拉，接近签下19岁波兰国脚', '迪马济奥：在谈判，帕尔马想要波兰国脚卡尔博夫尼克', '金童奖40人名单：哈兰德、戴维斯领衔，桑乔、法蒂在列', '搬运，那不勒斯关注对象，华沙莱吉亚球员卡尔博夫尼克集锦', '名记：700万欧+奖金，波兰边卫卡尔博夫尼克即将加盟那不勒斯', '罗体：那不勒斯认为皇马对雷吉隆2500万欧的标价过高', '互联网足球产业联盟合作伙伴'"
50475338,范黑克,J. van Hecke,"'官方：海伦芬租借布莱顿新援范黑克', '官方：布莱顿签下布雷达后卫范黑克', '荷媒：200万欧元，布莱顿接近签下布雷达后卫范黑克', '荷媒：加入争夺战，布莱顿也想要布雷达后卫范黑克', '荷媒：谈妥转会费，摩纳哥要签布雷达后卫范黑克', '互联网足球产业联盟合作伙伴'"
50393007,奥斯蒂高,L. Østigård,"'官方：英冠升班马考文垂租借布莱顿后卫奥斯蒂高', '德媒：圣保利要续租布莱顿两将于厄克雷斯和奥斯蒂高', '官方：圣保利租借布莱顿后卫奥斯蒂高', '官方：布莱顿签下挪威U19国脚', '互联网足球产业联盟合作伙伴'"
50266709,本-怀特,B. White,"'多家媒体：买本-怀特，阿森纳最高需付5400万镑至5500万镑', '记者：本-怀特已告诉英格兰队友，他去枪手的交易基本完成', '这就是阿森纳想要本-怀特的原因！', '记者称为引进本-怀特，枪手送上第3份报价：4800万镑+600万镑', '罗马诺：阿森纳有信心引进本-怀特；已和球员谈妥个人条款', '跟队记者：本-怀特接近加盟阿森纳，转会费大约是5000万英镑', '迪马济奥：阿森纳距离签下本-怀特仅有“一步之遥”', '罗马诺：若买不到本-怀特，枪手就会去追求塔普索巴', '天空体育：阿森纳预计将会第三次报价本-怀特', '转会专家：切尔西想要签下本-怀特，他们将和阿森纳竞争', '汤森：本-怀特非常适合阿森纳，他有从后场出球的能力', '记者：今夏阿森纳最重磅的交易可能就是本-怀特', '斯基拉：阿森纳接近签下本-怀特，有信心在欧洲杯后完成交易', '英媒：尽管埃弗顿想要截胡，但阿森纳非常有信心签下本-怀特', '记者：埃弗顿要本-怀特？这令人惊讶，他们已经有戈弗雷了', '转会要文：本-怀特布莱顿拒绝阿森纳的两份报价，枪...', '邮报：和阿森纳争夺，埃弗顿也要求购本-怀特', '记者：本-怀特应该会在欧洲杯后去阿森纳，球员想加盟枪手', '记者：加入争夺，曼城要向布莱顿求购本-怀特', '互联网足球产业联盟合作伙伴'"
50086372,马修-瑞安,Mathew Ryan,"'世体：皇家社会将以0基础转会费的价格签下马修-瑞安', '意天空：皇社放弃引进罗马门将奥尔森，转而追求马修-瑞安', '天空：阿森纳原本有兴趣签下瑞安，但他现在接近加盟皇家社会', '英媒列今夏“传阿森纳”名单：本-怀特、奥亚尔和爱德华在列', '天空体育：阿森纳有兴趣签回瑞安', '阿森纳宣布了塞瓦略斯、厄德高、马修•瑞安、大卫•...', '阿森纳官方：塞瓦略斯、厄德高、路易斯等人合同到期离队', '记者：马修-瑞安将以免签的方式留在阿森纳', '马修-瑞安：希望留在阿森纳，我满意自己之前的表现', '本赛季英超门将哪家强？OPTA数据模型结论：洛里最强', '澳大利亚世预赛大名单：穆伊落选，前山东外援麦克格文入选', '马修-瑞安：我享受在阿森纳的每一分钟，希望未来保持好关系', '英媒：300~500万镑，阿森纳接近从布莱顿买断马修-瑞安', '本赛季英超，瑞安是第二位在对方禁区内触球的门将', '他有着精准的手抛球及长传球技术，也有着出色的弹跳...', '阿森纳队员周薪一览：奥巴梅扬和托马斯25万镑，萨卡1万镑', '瑞安：赛季还剩很多场比赛，希望我们拿到欧冠资格', '晚旗报：要看到瑞安发挥的很出色，但两个边后卫表现很挣扎', '马修-瑞安：能为儿时就支持的俱乐部出场，感觉很骄傲', '德转评冬窗引援最贵阵：厄德高4000万欧领衔，久保建英入围', '互联网足球产业联盟合作伙伴'"
50139033,沃顿,C. Walton,"'英媒：谢周三要在冬窗签下布莱顿门将沃顿', '里程碑，布莱克本门将沃顿完成联赛第150次出场', '官方：布莱克本续租布莱顿门将沃顿至本赛季结束', '官方：布莱克本租借布莱顿门将沃顿', '天空体育：在谈判，布莱克本要租借布莱顿门将沃顿', '官方：维冈竞技续租布莱顿门将', 'PFA英甲球迷票选最佳球员提名名单：鲍威尔入选', '互联网足球产业联盟合作伙伴'"
50267696,罗伯特-桑切斯,Robert Sanchez,"'西班牙24名球员中还有4人未在本届欧洲杯亮相，德赫亚在列', '恩里克：三名门将中的任何一人都可能首发', '西班牙身价：马科斯-略伦特8000万欧，罗德里、佩德里7000万', '恩里克：大名单中的任何一人都让我放心，德赫亚是现象级球员', '罗德里：我们西班牙队很强，但不是欧洲杯夺冠热门', '罗伯特-桑切斯：主力门将属于训练最出色的，渴望能证明自己', '西班牙大名单号码公布：莫拉塔7号、蒂亚戈10号、佩德里26号', '欧洲杯布莱顿国家队消息根据科贝电台负责西班牙国家...', '四台：恩里克考虑让罗伯特-桑切斯担任西班牙欧洲杯一号国门', '本赛季英超门将哪家强？OPTA数据模型结论：洛里最强', '西班牙欧洲杯大名单：拉莫斯落选、皇马0人，拉波尔特入围', '西班牙新晋国门罗伯特-桑切斯：卡西和德赫亚是我的榜样', '我鸥国家队比赛日征召球员特罗萨德（比利时）费尔特...', '费兰-托雷斯：不应该比较英超和西甲，应该享受它们', '邮报：英格兰队最后时刻曾试图说服罗伯特-桑切斯为三狮效力', '2019年7月租借英甲为奇罗代尔效力2020年5...', '励志哥，西班牙新晋国门桑切斯上赛季还在出战英甲', '恩里克：如果有人能参加6届世界杯，那就是拉莫斯', '年少有为！巴萨18岁小将佩德里首次被西班牙国家队征召', '官方：布莱顿与主力门将罗伯特-桑切斯续约', '互联网足球产业联盟合作伙伴'"
50017160,斯蒂尔,J. Steele,"'官方：布莱顿与替补门将斯蒂尔续约', '替补门将也有春天！布莱顿三门点球大战连扑四点，今天滴神', '布莱顿点球大战5-4客胜纽波特，斯蒂尔4次扑点', '官方：布莱顿签下桑德兰门将', '在谈判，布莱顿要桑德兰门将', '互联网足球产业联盟合作伙伴'"
